{
  "project_info": {
    "project_number": "993117528417",
    "project_id": "qrscanner-69a6c",
    "storage_bucket": "qrscanner-69a6c.appspot.com"
  },
  "client": [
    {
      "client_info": {
        "mobilesdk_app_id": "1:993117528417:android:034bdfe5f658dba3cb6520",
        "android_client_info": {
          "package_name": "in.sanfoundry.qrscanner"
        }
      },
      "oauth_client": [
        {
          "client_id": "993117528417-qd7odc8vtphiln8usmiohq697nj7tg1a.apps.googleusercontent.com",
          "client_type": 3
        }
      ],
      "api_key": [
        {
          "current_key": "AIzaSyCVE1V85vrbDH8wOXflzFYfPWOymIsnMFc"
        }
      ],
      "services": {
        "appinvite_service": {
          "other_platform_oauth_client": [
            {
              "client_id": "993117528417-qd7odc8vtphiln8usmiohq697nj7tg1a.apps.googleusercontent.com",
              "client_type": 3
            }
          ]
        }
      }
    }
  ],
  "configuration_version": "1"
}